Workbook

Sheet Lisez-moi
B1: Pertes de transport - lignes du perimetre Mer Noire
B2: Genere le 2026-08-19 - source des lignes : pre-analysis/data/reference_lines.csv
B4: A quoi sert ce classeur
B5: Les pertes actuellement utilisees dans le modele (colonne loss_pu de reference_lines.csv) ne prennent
B6: que deux valeurs, 0.02 et 0.03, sans lien avec la longueur ni la technologie. Elles ont ete saisies a la
B7: main dans le classeur v8 ; aucune n'est adossee a une etude de faisabilite. Ce classeur propose deux
B8: facons de les remplacer, l'une simple et l'autre calculee, et les compare a l'existant.
B10: Les onglets
B11: Parametres toutes les hypotheses chiffrees, avec leur source. Seul onglet a modifier.
B12: 1_Simplifie 4 categories, 4 valeurs. RECOMMANDE pour alimenter le modele.
B13: 2_Calcule formule tension x longueur + termes fixes. Justifie les 4 valeurs ci-dessus.
B14: 3_Comparaison actuel / simplifie / calcule, avec les ecarts en points.
... B50: ne changera presque rien. Voir l'onglet 4_Corridors_EPM.

Sheet Parametres
A1: PARAMETRES - seul onglet a modifier
A3: TABLE A - Bareme simplifie (alimente l'onglet 1_Simplifie)
A4: Categorie | B4: Pertes (p.u.) | C4: Justification / calibration
A5: AC_HV | B5: 0.015 | C5: Lignes AC >= 330 kV. De 44 a 182 km dans le perimetre : la formule donne 1.0 a 1.5 %.
A6: AC_MV | B6: 0.025 | C6: Lignes AC < 330 kV (220 / 154 / 110 kV). Formule : 2.2 % sur Alaverdi (220 kV, 80 km).
A7: HVDC_B2B | B7: 0.03 | C7: Back-to-back + son antenne AC. Formule : 2.9 % sur BSTN (400 kV, 150 km).
A8: HVDC_line | B8: 0.06 | C8: Liaison DC longue distance. Comparable EuroAsia Interconnector, ~1200 km, +-525 kV, ~6 %.
A11: TABLE B - Pertes lineiques AC, p.u. par 100 km a charge nominale (alimente 2_Calcule)
A12: Tension (kV) | B12: p.u. / 100 km | C12: Source / remarque
A13: 110 | B13: 0.065 | C13: Ordres de grandeur de planification. Les pertes resistives varient en L/V^2 : chaque cran
A14: 154 | B14: 0.035 | C14: de tension au-dessus divise sensiblement les pertes a puissance transportee egale.
A15: 220 | B15: 0.02
A16: 330 | B16: 0.009
A17: 400 | B17: 0.006 | C17: Valeur la mieux etablie du tableau, c'est le niveau de tension le plus documente.
A18: 500 | B18: 0.0045 | C18: Utilise aussi pour +-525 kV cote AC (sans objet : le DC passe par la TABLE C).
A19: 750 | B19: 0.003 | C19: Au-dela d'environ 400 km une ligne AC n'atteint pas sa limite thermique sans compensation
C20: serie ; la formule sous-estime donc les tres longues lignes AC (aucune ici au-dela de 280 km).
A22: TABLE C - Termes fixes (alimente 2_Calcule)
A23: Libelle | B23: Valeur (p.u.) | C23: Source / remarque
A24: Transformation (2 extremites) | B24: 0.006 | C24: 0.3 % par poste : transformateurs et appareillage.
A25: Paire convertisseurs LCC | B25: 0.014 | C25: Environ 0.7 % par station a thyristors. Back-to-back type Akhaltsikhe.
A26: Paire convertisseurs VSC | B26: 0.015 | C26: 0.7 a 0.8 % par station. Documentation constructeurs HVDC.
A27: Conduction cable DC (p.u./1000 km) | B27: 0.04 | C27: Cale sur comparables +-525 kV : NordLink 623 km ~5 % total,
C28: Viking Link 765 km ~5 %, EuroAsia ~1200 km ~6 %. A remplacer par la FS CESI quand elle sort.
A31: REGLE : une etude de faisabilite prime toujours sur ces valeurs.
A32: A ce jour aucune ligne du perimetre n'a de valeur de pertes issue d'une FS. Les deux seules FS en
A33: cours (BSSC, GECO) portent sur des liaisons ou la valeur retenue ici, 6 %, est deja la plus documentee.

Sheet 1_Simplifie
A1: VERSION SIMPLIFIEE - 4 categories, 4 valeurs
A2: Colonne H : regle automatique (AC >= 330 kV donne AC_HV, sinon AC_MV). Colonne I : recherche dans Parametres TABLE A.
A4: # | B4: Pays - Pays | C4: Ligne | D4: Statut | E4: Tension (kV) | F4: Longueur (km) | G4: Type | H4: Categorie | I4: PERTES (p.u.) | J4: Dans EPM ? | K4: Actuel
A5: 1 | B5: Turkiye - Bulgarie | C5: Hamitabat - Maritsa East 3 | D5: Existante | E5: 400 | F5: 180 | G5: AC | H5: =IF(G5="AC",IF(E5>=330,"AC_HV","AC_MV"),G5) | I5: =VLOOKUP(H5,Parametres!$A$5:$B$8,2,FALSE) | J5: non | K5: 0.03
A6: 2 | B6: Turkiye - Georgie | C6: Black Sea Transmission Network (BSTN) | D6: Existante | E6: 400 | F6: 150 | G6: HVDC_B2B | H6: =IF(G6="AC",IF(E6>=330,"AC_HV","AC_MV"),G6) | I6: =VLOOKUP(H6,Parametres!$A$5:$B$8,2,FALSE) | J6: oui | K6: 0.02
A7: 3 | B7: Turkiye - Georgie | C7: Hopa / Muratlı - Batumi (Achara line) | D7: Existante | E7: 220 | F7: 40 | G7: AC | H7: =IF(G7="AC",IF(E7>=330,"AC_HV","AC_MV"),G7) | I7: =VLOOKUP(H7,Parametres!$A$5:$B$8,2,FALSE) | J7: oui | K7: 0.03
A8: 4 | B8: Turkiye - Grece | C8: Babaeski - Nea Santa | D8: Existante | E8: 400 | F8: 205 | G8: AC | H8: =IF(G8="AC",IF(E8>=330,"AC_HV","AC_MV"),G8) | I8: =VLOOKUP(H8,Parametres!$A$5:$B$8,2,FALSE) | J8: non | K8: 0.02
A9: 5 | B9: Turkiye - Iran | C9: Van (B2B converter) - Khoy | D9: Existante | E9: 400 | F9: 115 | G9: HVDC_B2B | H9: =IF(G9="AC",IF(E9>=330,"AC_HV","AC_MV"),G9) | I9: =VLOOKUP(H9,Parametres!$A$5:$B$8,2,FALSE) | J9: non | K9: 0.02
A10: 6 | B10: Turkiye - Irak | C10: Silopi - Mosul (West) | D10: Existante | E10: 400 | F10: 115 | G10: AC | H10: =IF(G10="AC",IF(E10>=330,"AC_HV","AC_MV"),G10) | I10: =VLOOKUP(H10,Parametres!$A$5:$B$8,2,FALSE) | J10: non | K10: 0.03
A11: 7 | B11: Turkiye - Syrie | C11: Birecik HPP + 7 other crossings - Aleppo region | D11: Existante | E11: 400 | F11: 150 | G11: AC | H11: =IF(G11="AC",IF(E11>=330,"AC_HV","AC_MV"),G11) | I11: =VLOOKUP(H11,Parametres!$A$5:$B$8,2,FALSE) | J11: non | K11: 0.03
A12: 8 | B12: Turkiye - Syrie | C12: WB Syria Electricity Emergency Project | D12: Engagee | E12: 400 | F12: 120 | G12: AC | H12: =IF(G12="AC",IF(E12>=330,"AC_HV","AC_MV"),G12) | I12: =VLOOKUP(H12,Parametres!$A$5:$B$8,2,FALSE) | J12: non | K12: 0.03
A13: 9 | B13: Turkiye - Bulgarie | C13: EWTC | D13: Candidate | E13: 400 | F13: 190 | G13: AC | H13: =IF(G13="AC",IF(E13>=330,"AC_HV","AC_MV"),G13) | I13: =VLOOKUP(H13,Parametres!$A$5:$B$8,2,FALSE) | J13: non | K13: 0.03
A14: 10 | B14: Turkiye - Georgie | C14: BSTN Extension | D14: Candidate | E14: 400 | F14: 80 | G14: HVDC_B2B | H14: =IF(G14="AC",IF(E14>=330,"AC_HV","AC_MV"),G14) | I14: =VLOOKUP(H14,Parametres!$A$5:$B$8,2,FALSE) | J14: oui | K14: 0.02
A15: 11 | B15: Turkiye - Grece | C15: EWTC | D15: Candidate | E15: 400 | F15: 130 | G15: AC | H15: =IF(G15="AC",IF(E15>=330,"AC_HV","AC_MV"),G15) | I15: =VLOOKUP(H15,Parametres!$A$5:$B$8,2,FALSE) | J15: non | K15: 0.03
A16: 12 | B16: Roumanie - Bulgarie | C16: Medgidia South - Varna | D16: Existante | E16: 400 | F16: 150 | G16: AC | H16: =IF(G16="AC",IF(E16>=330,"AC_HV","AC_MV"),G16) | I16: =VLOOKUP(H16,Parametres!$A$5:$B$8,2,FALSE) | J16: non | K16: 0.03
... A55: 51 | B55: Georgie - Roumanie | C55: GECO (Caspian–Black Sea–Europe Green Energy Corridor) | D55: Candidate | E55: 525 | F55: 1175 | G55: HVDC_line | H55: =IF(G55="AC",IF(E55>=330,"AC_HV","AC_MV"),G55) | I55: =VLOOKUP(H55,Parametres!$A$5:$B$8,2,FALSE) | J55: non | K55: 0.02
A56: 52 | B56: Azerbaidjan - Kazakhstan | C56: Trans-Caspian GEC / Green Corridor Alliance (GCA) | D56: Candidate | E56: 525 | F56: 450 | G56: HVDC_line | H56: =IF(G56="AC",IF(E56>=330,"AC_HV","AC_MV"),G56) | I56: =VLOOKUP(H56,Parametres!$A$5:$B$8,2,FALSE) | J56: non
A57: 53 | B57: Georgie - Russie | C57: Java - (Russian border) | D57: Existante | E57: 110 | F57: 40 | G57: AC | H57: =IF(G57="AC",IF(E57>=330,"AC_HV","AC_MV"),G57) | I57: =VLOOKUP(H57,Parametres!$A$5:$B$8,2,FALSE) | J57: non

Sheet 2_Calcule
A1: VERSION CALCULEE - tension x longueur + termes fixes
A2: Colonne H = terme proportionnel a la longueur. Colonne I = termes fixes. Colonne J = somme arrondie.
A4: # | B4: Pays - Pays | C4: Ligne | D4: Statut | E4: Tension (kV) | F4: Longueur (km) | G4: Type | H4: Terme longueur | I4: Termes fixes | J4: PERTES (p.u.) | K4: Base longueur | L4: kV (source) | M4: km (source)
A5: 1 | B5: Turkiye - Bulgarie | C5: Hamitabat - Maritsa East 3 | D5: Existante | E5: 400 | F5: 180 | G5: AC | H5: =IF(G5="HVDC_line",Parametres!$B$27*F5/1000,VLOOKUP(E5,Parametres!$A$13:$B$19,2,FALSE)*F5/100) | I5: =IF(G5="HVDC_line",Parametres!$B$26,Parametres!$B$24+IF(G5="HVDC_B2B",Parametres!$B$25,0)) | J5: =ROUND(H5+I5,4) | K5: ref | L5: 400 | M5: ~180
A6: 2 | B6: Turkiye - Georgie | C6: Black Sea Transmission Network (BSTN) | D6: Existante | E6: 400 | F6: 150 | G6: HVDC_B2B | H6: =IF(G6="HVDC_line",Parametres!$B$27*F6/1000,VLOOKUP(E6,Parametres!$A$13:$B$19,2,FALSE)*F6/100) | I6: =IF(G6="HVDC_line",Parametres!$B$26,Parametres!$B$24+IF(G6="HVDC_B2B",Parametres!$B$25,0)) | J6: =ROUND(H6+I6,4) | K6: ref | L6: 400/500 | M6: ~150
A7: 3 | B7: Turkiye - Georgie | C7: Hopa / Muratlı - Batumi (Achara line) | D7: Existante | E7: 220 | F7: 40 | G7: AC | H7: =IF(G7="HVDC_line",Parametres!$B$27*F7/1000,VLOOKUP(E7,Parametres!$A$13:$B$19,2,FALSE)*F7/100) | I7: =IF(G7="HVDC_line",Parametres!$B$26,Parametres!$B$24+IF(G7="HVDC_B2B",Parametres!$B$25,0)) | J7: =ROUND(H7+I7,4) | K7: ref | L7: 220 | M7: ~40
A8: 4 | B8: Turkiye - Grece | C8: Babaeski - Nea Santa | D8: Existante | E8: 400 | F8: 205 | G8: AC | H8: =IF(G8="HVDC_line",Parametres!$B$27*F8/1000,VLOOKUP(E8,Parametres!$A$13:$B$19,2,FALSE)*F8/100) | I8: =IF(G8="HVDC_line",Parametres!$B$26,Parametres!$B$24+IF(G8="HVDC_B2B",Parametres!$B$25,0)) | J8: =ROUND(H8+I8,4) | K8: ref | L8: 400 | M8: ~205
A9: 5 | B9: Turkiye - Iran | C9: Van (B2B converter) - Khoy | D9: Existante | E9: 400 | F9: 115 | G9: HVDC_B2B | H9: =IF(G9="HVDC_line",Parametres!$B$27*F9/1000,VLOOKUP(E9,Parametres!$A$13:$B$19,2,FALSE)*F9/100) | I9: =IF(G9="HVDC_line",Parametres!$B$26,Parametres!$B$24+IF(G9="HVDC_B2B",Parametres!$B$25,0)) | J9: =ROUND(H9+I9,4) | K9: ref | L9: 400 | M9: ~115
A10: 6 | B10: Turkiye - Irak | C10: Silopi - Mosul (West) | D10: Existante | E10: 400 | F10: 115 | G10: AC | H10: =IF(G10="HVDC_line",Parametres!$B$27*F10/1000,VLOOKUP(E10,Parametres!$A$13:$B$19,2,FALSE)*F10/100) | I10: =IF(G10="HVDC_line",Parametres!$B$26,Parametres!$B$24+IF(G10="HVDC_B2B",Parametres!$B$25,0)) | J10: =ROUND(H10+I10,4) | K10: ref | L10: 400 | M10: 115
A11: 7 | B11: Turkiye - Syrie | C11: Birecik HPP + 7 other crossings - Aleppo region | D11: Existante | E11: 400 | F11: 150 | G11: AC | H11: =IF(G11="HVDC_line",Parametres!$B$27*F11/1000,VLOOKUP(E11,Parametres!$A$13:$B$19,2,FALSE)*F11/100) | I11: =IF(G11="HVDC_line",Parametres!$B$26,Parametres!$B$24+IF(G11="HVDC_B2B",Parametres!$B$25,0)) | J11: =ROUND(H11+I11,4) | K11: estime | L11: 400 + lower | M11: Various
A12: 8 | B12: Turkiye - Syrie | C12: WB Syria Electricity Emergency Project | D12: Engagee | E12: 400 | F12: 120 | G12: AC | H12: =IF(G12="HVDC_line",Parametres!$B$27*F12/1000,VLOOKUP(E12,Parametres!$A$13:$B$19,2,FALSE)*F12/100) | I12: =IF(G12="HVDC_line",Parametres!$B$26,Parametres!$B$24+IF(G12="HVDC_B2B",Parametres!$B$25,0)) | J12: =ROUND(H12+I12,4) | K12: estime | L12: 400 | M12: TBD
A13: 9 | B13: Turkiye - Bulgarie | C13: EWTC | D13: Candidate | E13: 400 | F13: 190 | G13: AC | H13: =IF(G13="HVDC_line",Parametres!$B$27*F13/1000,VLOOKUP(E13,Parametres!$A$13:$B$19,2,FALSE)*F13/100) | I13: =IF(G13="HVDC_line",Parametres!$B$26,Parametres!$B$24+IF(G13="HVDC_B2B",Parametres!$B$25,0)) | J13: =ROUND(H13+I13,4) | K13: ref | L13: 400 | M13: ~190
A14: 10 | B14: Turkiye - Georgie | C14: BSTN Extension | D14: Candidate | E14: 400 | F14: 80 | G14: HVDC_B2B | H14: =IF(G14="HVDC_line",Parametres!$B$27*F14/1000,VLOOKUP(E14,Parametres!$A$13:$B$19,2,FALSE)*F14/100) | I14: =IF(G14="HVDC_line",Parametres!$B$26,Parametres!$B$24+IF(G14="HVDC_B2B",Parametres!$B$25,0)) | J14: =ROUND(H14+I14,4) | K14: ref | L14: 400 | M14: ~80
A15: 11 | B15: Turkiye - Grece | C15: EWTC | D15: Candidate | E15: 400 | F15: 130 | G15: AC | H15: =IF(G15="HVDC_line",Parametres!$B$27*F15/1000,VLOOKUP(E15,Parametres!$A$13:$B$19,2,FALSE)*F15/100) | I15: =IF(G15="HVDC_line",Parametres!$B$26,Parametres!$B$24+IF(G15="HVDC_B2B",Parametres!$B$25,0)) | J15: =ROUND(H15+I15,4) | K15: ref | L15: 400 | M15: ~130
A16: 12 | B16: Roumanie - Bulgarie | C16: Medgidia South - Varna | D16: Existante | E16: 400 | F16: 150 | G16: AC | H16: =IF(G16="HVDC_line",Parametres!$B$27*F16/1000,VLOOKUP(E16,Parametres!$A$13:$B$19,2,FALSE)*F16/100) | I16: =IF(G16="HVDC_line",Parametres!$B$26,Parametres!$B$24+IF(G16="HVDC_B2B",Parametres!$B$25,0)) | J16: =ROUND(H16+I16,4) | K16: ref | L16: 400 | M16: ~150
... A57: 53 | B57: Georgie - Russie | C57: Java - (Russian border) | D57: Existante | E57: 110 | F57: 40 | G57: AC | H57: =IF(G57="HVDC_line",Parametres!$B$27*F57/1000,VLOOKUP(E57,Parametres!$A$13:$B$19,2,FALSE)*F57/100) | I57: =IF(G57="HVDC_line",Parametres!$B$26,Parametres!$B$24+IF(G57="HVDC_B2B",Parametres!$B$25,0)) | J57: =ROUND(H57+I57,4) | K57: estime | L57: 110 | M57: nan

Sheet 3_Comparaison
A1: COMPARAISON - actuel / simplifie / calcule
A2: La colonne qui compte est la derniere : erreur de l'hypothese ACTUELLE par rapport au calcul, en points de %.
A4: # | B4: Pays - Pays | C4: Ligne | D4: Statut | E4: Actuel | F4: Simplifie | G4: Calcule | H4: Ecart simplifie vs calcule (pts) | I4: Ecart ACTUEL vs calcule (pts)
A5: 1 | B5: Turkiye - Bulgarie | C5: Hamitabat - Maritsa East 3 | D5: Existante | E5: 0.03 | F5: ='1_Simplifie'!I5 | G5: ='2_Calcule'!J5 | H5: =ROUND((F5-G5)*100,2) | I5: =IF(E5="","",ROUND((E5-G5)*100,2))
A6: 2 | B6: Turkiye - Georgie | C6: Black Sea Transmission Network (BSTN) | D6: Existante | E6: 0.02 | F6: ='1_Simplifie'!I6 | G6: ='2_Calcule'!J6 | H6: =ROUND((F6-G6)*100,2) | I6: =IF(E6="","",ROUND((E6-G6)*100,2))
A7: 3 | B7: Turkiye - Georgie | C7: Hopa / Muratlı - Batumi (Achara line) | D7: Existante | E7: 0.03 | F7: ='1_Simplifie'!I7 | G7: ='2_Calcule'!J7 | H7: =ROUND((F7-G7)*100,2) | I7: =IF(E7="","",ROUND((E7-G7)*100,2))
A8: 4 | B8: Turkiye - Grece | C8: Babaeski - Nea Santa | D8: Existante | E8: 0.02 | F8: ='1_Simplifie'!I8 | G8: ='2_Calcule'!J8 | H8: =ROUND((F8-G8)*100,2) | I8: =IF(E8="","",ROUND((E8-G8)*100,2))
A9: 5 | B9: Turkiye - Iran | C9: Van (B2B converter) - Khoy | D9: Existante | E9: 0.02 | F9: ='1_Simplifie'!I9 | G9: ='2_Calcule'!J9 | H9: =ROUND((F9-G9)*100,2) | I9: =IF(E9="","",ROUND((E9-G9)*100,2))
A10: 6 | B10: Turkiye - Irak | C10: Silopi - Mosul (West) | D10: Existante | E10: 0.03 | F10: ='1_Simplifie'!I10 | G10: ='2_Calcule'!J10 | H10: =ROUND((F10-G10)*100,2) | I10: =IF(E10="","",ROUND((E10-G10)*100,2))
A11: 7 | B11: Turkiye - Syrie | C11: Birecik HPP + 7 other crossings - Aleppo region | D11: Existante | E11: 0.03 | F11: ='1_Simplifie'!I11 | G11: ='2_Calcule'!J11 | H11: =ROUND((F11-G11)*100,2) | I11: =IF(E11="","",ROUND((E11-G11)*100,2))
A12: 8 | B12: Turkiye - Syrie | C12: WB Syria Electricity Emergency Project | D12: Engagee | E12: 0.03 | F12: ='1_Simplifie'!I12 | G12: ='2_Calcule'!J12 | H12: =ROUND((F12-G12)*100,2) | I12: =IF(E12="","",ROUND((E12-G12)*100,2))
A13: 9 | B13: Turkiye - Bulgarie | C13: EWTC | D13: Candidate | E13: 0.03 | F13: ='1_Simplifie'!I13 | G13: ='2_Calcule'!J13 | H13: =ROUND((F13-G13)*100,2) | I13: =IF(E13="","",ROUND((E13-G13)*100,2))
A14: 10 | B14: Turkiye - Georgie | C14: BSTN Extension | D14: Candidate | E14: 0.02 | F14: ='1_Simplifie'!I14 | G14: ='2_Calcule'!J14 | H14: =ROUND((F14-G14)*100,2) | I14: =IF(E14="","",ROUND((E14-G14)*100,2))
A15: 11 | B15: Turkiye - Grece | C15: EWTC | D15: Candidate | E15: 0.03 | F15: ='1_Simplifie'!I15 | G15: ='2_Calcule'!J15 | H15: =ROUND((F15-G15)*100,2) | I15: =IF(E15="","",ROUND((E15-G15)*100,2))
A16: 12 | B16: Roumanie - Bulgarie | C16: Medgidia South - Varna | D16: Existante | E16: 0.03 | F16: ='1_Simplifie'!I16 | G16: ='2_Calcule'!J16 | H16: =ROUND((F16-G16)*100,2) | I16: =IF(E16="","",ROUND((E16-G16)*100,2))
... A55: 51 | B55: Georgie - Roumanie | C55: GECO (Caspian–Black Sea–Europe Green Energy Corridor) | D55: Candidate | E55: 0.02 | F55: ='1_Simplifie'!I55 | G55: ='2_Calcule'!J55 | H55: =ROUND((F55-G55)*100,2) | I55: =IF(E55="","",ROUND((E55-G55)*100,2))
A56: 52 | B56: Azerbaidjan - Kazakhstan | C56: Trans-Caspian GEC / Green Corridor Alliance (GCA) | D56: Candidate | F56: ='1_Simplifie'!I56 | G56: ='2_Calcule'!J56 | H56: =ROUND((F56-G56)*100,2) | I56: =IF(E56="","",ROUND((E56-G56)*100,2))
A57: 53 | B57: Georgie - Russie | C57: Java - (Russian border) | D57: Existante | F57: ='1_Simplifie'!I57 | G57: ='2_Calcule'!J57 | H57: =ROUND((F57-G57)*100,2) | I57: =IF(E57="","",ROUND((E57-G57)*100,2))

Sheet 4_Corridors_EPM
A1: AGREGATION EN CORRIDORS EPM - ce qui alimente pLossFactorInternal.csv
A2: EPM ne connait pas les lignes, seulement les corridors. Plusieurs lignes sont donc fondues en un seul coefficient.
A3: 'EPM aujourd'hui' = moyenne NON PONDEREE de toutes les lignes, y compris hors service et non construites.
A4: 'RECOMMANDE' = moyenne PONDEREE CAPACITE sur les seules lignes existantes en service (MW > 0), valeurs simplifiees.
A6: Corridor EPM | B6: Lignes agregees | C6: Statut | D6: MW | E6: Actuel (ligne) | F6: Simplifie (ligne) | G6: Calcule (ligne) | H6: EPM aujourd'hui (moy. non ponderee) | I6: RECOMMANDE (ponderee capacite) | J6: Base du calcul
A7: Armenia - AzerbaijanMain | B7: Soviet-era lines (multiple) - Soviet-era lines | C7: existing | D7: 0 | E7: 0.03 | F7: 0.025 | G7: 0.018 | H7: 0.03 | I7: 0.025 | J7: aucune capacite renseignee - moyenne simple
A9: Armenia - EastAna | B9: Armenian border - Kars (Türkiye) | C9: existing | D9: 0 | E9: 0.03 | F9: 0.025 | G9: 0.022 | H9: 0.03 | I9: 0.025 | J9: aucune capacite renseignee - moyenne simple
A11: Armenia - Georgia | B11: Alaverdi - (Armenian border) | C11: existing | D11: 150 | E11: 0.03 | F11: 0.025 | G11: 0.022 | H11: 0.025 | I11: 0.025 | J11: existantes en service
B12: Caucasus Transmission Network (CTN) | C12: candidate | D12: 350 | E12: 0.02 | F12: 0.03 | G12: 0.0254
A14: AzerbaijanMain - Georgia | B14: Gardabani-500 - Samukh (Mukhrani Valley) | C14: existing | D14: 700 | E14: 0.03 | F14: 0.015 | G14: 0.0142 | H14: 0.03 | I14: 0.015 | J14: existantes en service
B15: Gardabani - Aghstafa | C15: existing | D15: 300 | E15: 0.03 | F15: 0.015 | G15: 0.01
A17: AzerbaijanMain - Nakhchivan | B17: Zangezur corridor | C17: committed | D17: 800 | E17: 0.03 | F17: 0.015 | G17: 0.0261 | H17: 0.03 | I17: 0.015 | J17: aucune ligne en service - base sur les lignes engagees/candidates
A19: EastAna - Georgia | B19: Black Sea Transmission Network (BSTN) | C19: existing | D19: 700 | E19: 0.02 | F19: 0.03 | G19: 0.029 | H19: 0.02333 | I19: 0.03 | J19: existantes en service
B20: Hopa / Muratlı - Batumi (Achara line) | C20: existing | D20: 0 | E20: 0.03 | F20: 0.025 | G20: 0.014
B21: BSTN Extension | C21: candidate | D21: 350 | E21: 0.02 | F21: 0.03 | G21: 0.0248
A23: EastAna - Nakhchivan | B23: Sederek / Babek - Iğdır | C23: existing | D23: 0 | E23: 0.03 | F23: 0.025 | G23: 0.02 | H23: 0.025 | I23: 0.03 | J23: aucune ligne en service - base sur les lignes engagees/candidates
B24: Azerbaijan-Türkiye-Europe Green Corridor | C24: candidate | D24: 1000 | E24: 0.02 | F24: 0.03 | G24: 0.0338
